<?xml version="1.0" encoding="UTF-8"?>
    <addon id="matrix.to.the.stars" name="Galaxy Repo (Matrix)" version="1.0.1" provider-name="Ruler Of The Cosmos">
        <requires>
            <import addon="xbmc.addon" version="12.0.0"/>
        </requires>
        <extension point="xbmc.addon.repository" name="Galaxy Repo (Matrix)">
			<dir>
				<info compressed="false">https://raw.githubusercontent.com/mrbr1ghts1d3/GalaxyRepoMatrix/master/_repo/addons.xml</info>
				<checksum>https://raw.githubusercontent.com/mrbr1ghts1d3/GalaxyRepoMatrix/master/_repo/addons.xml.md5</checksum>
				<datadir zip="true">https://raw.githubusercontent.com/mrbr1ghts1d3/GalaxyRepoMatrix/master/_repo/</datadir>
			</dir>
			<dir>
				<info compressed="false">https://raw.githubusercontent.com/Gujal00/smrzips/master/addons.xml</info>
				<checksum>https://raw.githubusercontent.com/Gujal00/smrzips/master/addons.xml.md5</checksum>
				<datadir zip="true">https://raw.githubusercontent.com/Gujal00/smrzips/master/zips/</datadir>
			</dir>
        </extension>
        <extension point="xbmc.addon.metadata">
            <summary>If you know, you know.</summary>
            <description>If you know, you know.</description>
            <platform>all</platform>
    </extension>
</addon>