<?xml version="1.0" encoding="UTF-8"?>
    <addon id="rainbow.to.the.stars" name="Galaxy Repo" version="1.0.0" provider-name="Ruler Of The Cosmos">
        <requires>
            <import addon="xbmc.addon" version="12.0.0"/>
        </requires>
        <extension point="xbmc.addon.repository" name="Galaxy Repo">
            <info compressed="false">https://raw.githubusercontent.com/mrbr1ghts1d3/GalaxyRepo/master/_repo/addons.xml</info>
            <checksum>https://raw.githubusercontent.com/mrbr1ghts1d3/GalaxyRepo/master/_repo/addons.xml.md5</checksum>
            <datadir zip="true">https://raw.githubusercontent.com/mrbr1ghts1d3/GalaxyRepo/master/_repo/</datadir>
            <hashes>false</hashes>
        </extension>
        <extension point="xbmc.addon.metadata">
            <summary>If you know, you know.</summary>
            <description>If you know, you know.</description>
            <platform>all</platform>
    </extension>
</addon>